chapter,section,sub-section,question,options,correct-answer,note,page,difficulty
1,1,,Having a driver license is a:,"""a: Right,b: Privilege,c: Requirement.""","""b""","""The DMV Handbook states that a California driver's license 'allows you to drive on public roads.'""",1,easy
1,1,,"With a Class C driver license, a person may drive:","""a: Any three axle vehicle regardless of the weight,b: A vehicle pulling 2 trailers,c: A 3 axle vehicle if the gross vehicle weight is less than 6000 lbs""","""c""","""According to the DMV handbook, 'For information on vehicles covered by a Class C, visit dmv.ca.gov/dl.'""",1,medium
2,2,,You are under 18 years of age and have had your license for eight months. You may drive:,"""a: At any time.,b: Between 5 a.m. and 11 p.m.,c: Between 7 a.m. and 8 p.m.""","""b""","""According to page 4 of the DMV handbook, 'When you are under 18 years old, your driver's license will have the word provisional. As a provisional driver, you cannot drive:  - Between 11 p.m. and 5 a.m. during the first 12 months you have your license.'""",4,medium
5,5,,Which of these statements about drugs and traffic is true?,"""a: Even over-the-counter drugs can impair your driving,b: Any prescription drug is safe to use if you don’t feel drowsy,c: Only illegal drugs can impair your driving""","""a""","""The DMV handbook states that 'Prescription and over-the-counter medications can make you an unsafe driver. Some medicines can make you sleepy. It is your responsibility to know the effects of the medications you take.'""",9,easy
5,5,,Fatigue increases the risk of:,"""a: Missing an exit.,b: Being late for an appointment.,c: Falling asleep behind the wheel and crashing.""","""c""","""The DMV handbook states on page 9 'Fatigue and Drowsiness - Can affect your vision and increase reaction time to hazards.'""",9,easy
5,5,,What is a potential effect of taking a prescription drug while drinking alcohol?,"""a: There will likely be no effect.,b: It will make you more alert.,c: It can make you unfit to drive.""","""c""","""The DMV Handbook states, 'Prescription and over-the-counter medications can make you an unsafe driver. Some medicines can make you sleepy.' This implies that taking a prescription drug while drinking alcohol can negatively affect your driving abilities.""",9,easy
5,5,,Which of the following statements is correct?,"""a: Use your left foot to brake.,b: Use your right foot for both braking and accelerating your vehicle.,c: You should always brake abruptly to ensure stopping.""","""b""",“You should always use your right foot for both braking and accelerating your vehicle. The left foot should not be used.”,9,easy
5,5,,"When parking next to a curb, you should use your turn signals","""a: When pulling next to or away from the curb,b: When pulling next to but not away from the curb,c: Only when pulling away from the curb""","""a""","""The DMV handbook states, 'You should signal... Before pulling next to the curb or away from the curb.'""",10,easy
5,5,,You should signal at least 100 feet before you turn...,"""a: Before every lane change.,b: At least 5 seconds before you change lanes on a freeway.,c: None of the above.,d: both a and b""","""d""","""The text states, 'You should signal: At least 100 feet before you turn, Before every lane change., At least five seconds before you change lanes on a freeway.'""",10,easy
5,5,,You are about to make a left turn. You must signal continuously for how many feet before making the turn?,"""a: 275 feet,b: 100 feet,c: 50 feet""","""b""","""According to the California Driver's Handbook, you must signal 'at least 100 feet before you turn.'""",10,easy
5,5,,You should use your horn when:,"""a: Another vehicle is in your way.,b: It may help prevent a collision.,c: Another driver makes a mistake.""","""b""","""According to page 10, 'Use your vehicle's horn to let other drivers know you are there or warn others of a hazard. Use your horn to: Avoid collisions.'""",10,easy
5,5,,When should you signal?,"""a: Before turning 100 feet before turning.,b: 2100 feet before turning.,c: 3200 feet before turning.,d: none of the above""","""a""","""The DMV handbook states that drivers should signal 'At least 100 feet before you turn.'""",11,easy
5,5,,When can you drive using only parking lights?,"""a: 30 minutes after sunset or 30 minutes before sunrise,b: on foggy days,c: Not under any circumstances""","""c""","""It is illegal to drive using only parking lights.""",11,easy
5,5,,When should you turn off your turn signal?,"""a: As soon as you have completed the turn or lane change,b: As soon as you begin the turn or lane change,c: Before you begin the turn or lane change""","""a""","""You should turn off your signal 'when you no longer need it.'""",11,easy
5,5,,Dim your high beam headlights to low beams within,"""a: 200 feet when a vehicle is coming towards you,b: 300 feet when a vehicle is coming towards you,c: 500 feet when a vehicle is coming towards you""","""c""","""According to The DMV handbook, 'Dim your high-beam headlights to low beams within 500 feet of a vehicle coming toward you or within 300 feet of a vehicle you are following.' This information is found on page 11 of the DMV handbook.""",11,easy
5,5,,"When parking next to a curb, you should use your turn signals:","""a: Only when pulling away from the curb.,b: When pulling next to but not away from the curb.,c: When pulling next to or away from the curb.""","""c""","""According to the California Driver's Handbook, 'You should signal: ... Before pulling next to the curb or away from the curb.'""",11,easy
5,5,,"Use your headlights on rainy, snowy, or foggy days:","""a: To keep your engine warm.,b: So others can see your vehicle.,c: To warn others of bad weather conditions.""","""b""","""The DMV handbook states, 'Your vehicle's headlights help you see what is in front of you. They also make it easier for other drivers to see your vehicle.'""",11,easy
5,5,,"When both right and left turn signals are flashing at the same time on a moving vehicle, it means","""a: It is carrying children to or from school,b: Let the vehicle have the right-of-way,c: There may be a hazard or an accident ahead""","""c""","""If you can see a collision or hazard ahead, warn drivers behind you using these methods: Turn on your emergency flashers. Lightly tap your brake pedal three or four times. Use a hand signal when slowing and stopping.""",12,easy
5,5,,You should turn on your hazard lights when,"""a: Driving in heavy rain or fog,b: Your car has broken down on the side of the road,c: You are double parked""","""b""","""The DMV handbook states 'If you need to stop because of vehicle trouble: - Turn on your emergency flashers. If your vehicle does not have emergency flashers, use your turn signals.'""",12,easy
5,5,,Flash your brake lights or turn on your emergency flashers if you:,"""a: Need to warn other drivers of a collision ahead.,b: Are temporarily parked in a traffic lane to make delivery.,c: Are backing out of a parking space.""","""a""","""The DMV handbook states, 'If you can see a collision or hazard ahead, warn drivers behind you using these methods: Turn on your emergency flashers, Lightly tap your brake pedal three or four times, Use a hand signal when slowing and stopping.'""",12,easy
5,5,,If your vehicle has a mechanical problem:,"""a: Signal and pull into the slow lane.,b: Stop in your lane and put on your hazard lights.,c: Put on your hazard lights and pull off the road.""","""c""","""If you need to stop because of vehicle trouble: Turn on your emergency flashers. If your vehicle does not have emergency flashers, use your turn signals, If possible, pull off the road away from all traffic.""",12,easy
6,6.1,Traffic Lanes,You must not cross a solid double line in the center of the roadway to,"""a: Overtake and pass another vehicle,b: Make a left turn,c: Enter a private driveway""","""b""","""The DMV handbook states, 'Do not pass over double solid yellow lines... make a left turn... except at designated openings.'""",13,medium
6,6.1,Traffic Lanes,Treat lines as a barrier. When,"""a: Two sets of solid double white lines are spaced 2 feet apart,b: Two sets of solid double yellow lines are spaced 2 or more feet apart,c: Two sets of broken yellow lines are spaced 1 foot apart""","""b""","""The DMV handbook states that 'Two sets of solid double yellow lines spaced two or more feet apart are considered a barrier. Do not drive on or over this barrier, make a left turn, or make a U-turn across it, except at designated openings.'""",13,medium
6,6.1,Traffic Lanes,A solid yellow line next to a broken yellow line means that vehicles:,"""a: In both directions may pass.,b: Next to the broken line may pass.,c: Next to the solid line may pass.""","""b""","""A broken yellow line indicates you may pass if the broken line is next to your driving lane. Only pass when it is safe.""",13,easy
6,6.1,Traffic Lanes,A broken yellow line beside a solid yellow line indicates that:,"""a: Passing is permitted from the lane next to the solid yellow line.,b: Passing is not permitted from either direction.,c: Passing is permitted from the lane next to the broken yellow line.""","""c""","""A broken yellow line indicates you may pass if the broken line is next to your driving lane. Only pass when it is safe. """,13,easy
6,6.1,Traffic Lanes,Double solid yellow line markings down the center of a road indicate that passing is:,"""a: Allowed from both directions.,b: Allowed only from your direction of travel.,c: Not allowed from either direction.""","""c""","""Double solid yellow lines indicate a lane barrier between two-way traffic.  'Do not pass over double solid yellow lines.' """,13,easy
6,6.1,Traffic Lanes,When double solid yellow lines separate lanes of traffic:,"""a: Passing is permitted from the left.,b: Passing is permitted from the right.,c: Passing is not permitted from either direction.""","""c""","""Double solid yellow lines indicate a lane barrier and passing is not permitted from either direction. 'Do not pass over double solid yellow lines.'""",13,easy
6,6.1,Traffic Lanes,"When driving on a multi-lane street with two-way traffic, you should:","""a: Drive alongside the other vehicles so the drivers can see you.,b: You should drive ahead of or behind the other vehicles.,c: It is safest to drive in the lane next to the center line.""","""b""","""The DMV handbook states that you should drive ahead or behind the other vehicles to avoid collisions""",14,easy
6,6.1,Traffic Lanes,Changing from one lane to another is best done:,"""a: Quickly and often.,b: When a car is in your blind spot.,c: Gradually and carefully.""","""c""","""Changing lanes should be done gradually and carefully to avoid collisions. 'Before you change lanes: … Be sure there is enough space for your vehicle in the next lane. It is not necessary to slow down before a lane change.'""",14,easy
6,6.1,Traffic Lanes,If you are driving on a highway next to a single broken white line marking:,"""a: You cannot cross the line to pass.,b: You may cross the line to pass and change lanes.,c: You may only cross the line to change lanes if you are in the left lane.""","""b""","""A broken white line indicates that you may cross the line to pass or change lanes.""",14,easy
6,6.1,Traffic Lanes,Roads with double solid yellow line markings down the center indicate that passing is:,"""a: Allowed from both directions.,b: Allowed only from your direction of travel.,c: Not allowed from either direction.""","""c""","""Double solid yellow lines indicate a lane barrier between a regular use and a preferential use lane, such as a carpool (HOV) lane. You may also see double solid white lines in or near freeway on and off ramps. Never change lanes over double solid white lines. Wait until you see a single broken white line. """,14,easy
6,6.1,Traffic Lanes,When changing lanes:,"""a: Check your side mirror and look over your shoulder to make sure the lane is clear.,b: Check the inside rearview mirror.,c: Slow down.""","""a""","""The DMV handbook states that before changing lanes, you should 'Check your mirrors. Check traffic behind and beside you. Look over your shoulder in the direction you plan to move to make sure the lane is clear.'""",14,easy
6,6.1,Traffic Lanes,Which of the following increases your chances of being in a collision?,"""a: Looking over your shoulder while making lane changes,b: Continuously changing lanes to pass other vehicles,c: Adjusting your rearview mirror before you start driving""","""b""","""Continuously changing lanes to pass other vehicles increases the risk of collision.  'Stay in one lane as much as possible. Do not weave in and out of traffic. Last minute lane or direction changes may increase the risk of collisions.'""",14,easy
6,6.1,Traffic Lanes,You are driving in the far right lane of a four-lane freeway and notice thick broken white lines on the left side of your lane. You are driving in:,"""a: The carpool lane and must merge into the next lane.,b: A special lane for slow-moving vehicles.,c: An exit lane.""","""c""","""According to page 14, 'Ending freeway and street lanes are usually marked with large broken lines. If you are driving in a lane marked with broken lines, be prepared to exit the freeway or for the lane to end.'""",14,easy
6,6.1,Traffic Lanes,You are driving a slow moving vehicle on a winding two-lane highway. You must pull over when it is safe and let other drivers pass when you are followed by,"""a: 3 vehicles,b: 4 vehicles,c: 5 or more vehicles""","""c""","""According to the DMV handbook, ‘You must use a turnout area or lane to let other vehicles pass when you are driving slowly on a two-lane road, where passing is unsafe, and there are five or more vehicles following you.'""",16,medium
6,6.1,Traffic Lanes,You may drive a motor vehicle in a bike lane:,"""a: If you drive more slowly than 15 mph.,b: No more than 200 feet before making a right turn.,c: Whenever bicyclists are not present.""","""b""","""According to the DMV handbook, 'It is illegal to drive in a bicycle lane unless you are: Parking (where permitted), Entering or leaving the road, Turning (within 200 feet of an intersection).'""",17,medium
6,6.2,Turns,"If a truck or bus is making a right turn where you also need to make a right turn, you should:","""a: Quickly turn before the truck or bus is able to.,b: Wait until the truck or bus turns before you turn.,c: Squeeze between the truck or bus and the curb.""","""b""","""The DMV handbook states that when turning right, you should drive close to the right edge of the road.  It also states that when turning right from a one-way street onto a one-way street, you should start the turn in the far-right lane.  This means you should wait for the truck or bus to turn before you turn, rather than quickly turning before them or squeezing between them and the curb.""",18,easy
6,6.2,Turns,"When making a right turn from a highway with two lanes traveling in your direction, you may turn from:","""a: The lane closest to the center of the road.,b: The lane nearest the curb or edge of the roadway.,c: Either lane""","""b""","""According to the DMV handbook, when making a right turn from a highway with two lanes traveling in your direction, you may turn from 'the lane nearest the curb or edge of the roadway'.""",18,easy
6,6.2,Turns,"When preparing to make a left turn from a two-way street, you should drive:","""a: Near the right-hand side of the road.,b: Near the centerline.,c: On the left of the centerline.""","""b""","""To make a left turn, you should drive 'close to the center divider or into the left turn lane.'""",19,easy
6,6.2,Turns,In which lane should you end your turn when making a right turn?,"""a: Any lane free of traffic.,b: The lane closest to the left edge of the road.,c: The lane closest to the right edge of the road.""","""c""","""To make a right turn, you should end your turn in the lane closest to the right edge of the road. 'Do not swing wide into another lane of traffic.'""",20,easy
6,6.2,Turns,A U-turn is not permitted:,"""a: In a parking lot.,b: On or near any curve or hill.,c: On a straight roadway with a clear view for 500 feet in both directions.""","""b""","""The DMV handbook states that you cannot make a U-turn 'When you cannot see clearly for 200 feet in each direction.' (Page 20).  Therefore, a U-turn is not permitted on or near any curve or hill.""",20,medium
6,6.2,Turns,U-turns in business districts are:,"""a: Always illegal because they are dangerous.,b: Legal whenever oncoming vehicles are not a hazard.,c: Legal at intersections""","""a""","""The DMV handbook states on page 20 that U-turns are never legal in business districts. 'Never make a U-turn: ... in business districts (the part of a city or town where most offices and businesses are).'""",20,easy
6,6.2,Turns,You may make a left turn on a red light only from a:,"""a: One-way street onto a two-way street.,b: One-way street onto a one-way street.,c: Two-way street onto a one-way street.""","""b""","""You may turn left against a red light when you are turning from a one-way street onto a one-way street. Make sure there is no sign prohibiting the turn. Yield to other vehicles, pedestrians, or bicyclists who have a green light. Look both ways and turn when it is safe.""",20,medium
6,6.2,Turns,"To turn left from a one-way street onto a one-way street, start from:","""a: The lane closest to the left curb.,b: The center lane.,c: Any lane""","""a""","""According to page 21, 'To turn left from a one-way street onto a one-way street. Start the turn from the far-left lane.'""",21,easy
6,6.2,Turns,"When turning left from a two-way street onto a one-way street, you should:","""a: Turn into any lane.,b: Turn into first lane.,c: Turn into second lane.""","""a""","""According to page 21 of the DMV handbook, 'If there are three or more lanes in your direction of travel, you may end your turn in any lane that is open.'""",21,easy
6,6.3,Merging & Exiting,"When you enter a freeway from an on ramp and merge with traffic, you should be driving at","""a: The legal speed limit on the freeway,b: About the same speed as the freeway traffic,c: About 10 m.p.h. slower than the freeway speed limit""","""b""","""The DMV handbook states that when merging onto a highway, 'Be in the proper lane on the on-ramp. - Be at or near the speed of traffic.'""",23,easy
6,6.3,Merging & Exiting,"If you have a green light, but traffic is blocking the intersection, you should","""a: Enter the intersection and wait until traffic clears,b: Merge into another lane and try to go around the traffic,c: Stay out of the intersection until traffic clears""","""c""","""Even if you have a green light, do not start across the intersection if there are pedestrians or vehicles blocking your pathway.  'It is against the law to stop or block an intersection where there is not enough space to completely cross before the traffic signal light turns red.'""",23,easy
6,6.3,Merging & Exiting,How long before changing lanes on a freeway should you signal?,"""a: 1-2 seconds,b: 2-4 seconds,c: 3-5 seconds""","""c""","""The California Driver's Handbook states, 'Signal at least five seconds before you change lanes on a freeway.' This is the same as 'approximately 400 feet'.""",23,easy
6,6.3,Merging & Exiting,"If you miss your exit on the freeway, you should not:","""a: Continue on the freeway and find an alternate route to your destination.,b: Proceed to the next exit,c: Back up on the road or shoulder.""","""c""","""According to the DMV Handbook, page 23,  'If you miss your exit, continue around until you return to your exit.'""",23,easy
6,6.3,Merging & Exiting,"When entering traffic after being parked at a curb, you:","""a: Should drive more slowly than other traffic for 200 feet.,b: Should wait for a large enough gap to get up to the speed of traffic.,c: Should wait for the first two vehicles to pass""","""b""","""The DMV handbook states that when entering traffic from a full stop, signal and leave a large enough space to get up to the speed of traffic.""",23,easy
6,6.3,Merging & Exiting,"If a traffic signal is green, but traffic is blocking the intersection, what should you do?","""a: Partially enter the intersection as allowed by traffic.,b: Wait and do not enter the intersection until your vehicle can get completely across.,c: Drive around the traffic on the shoulder to help ease the congestion.""","""b""","""Even if you have a green light, do not start across the intersection if there are pedestrians or vehicles blocking your pathway. 'It is against the law to stop or block an intersection where there is not enough space to completely cross before the traffic signal light turns red.'""",24,easy
6,6.3,Merging & Exiting,If an oncoming vehicle has started to turn left in front of you,"""a: Maintain your speed and take your right of way,b: Honk your horn to warn the driver and maintain your speed,c: Slow or stop to prevent a collision""","""c""","""When turning left, do not assume that an oncoming vehicle with its right turn signal on is turning before it reaches you. The driver may have their signal on by mistake or plan to turn just beyond you. Wait for the vehicle to start its turn before beginning the left turn.""",24,medium
6,6.3,Merging & Exiting,You want to pass a vehicle on the road. You should,"""a: Wait until you can see the entire vehicle in your rearview mirror before merging back into your lane,b: Use your horn to alert the other driver of your intention to pass,c: Pass only if there is enough space in the lane ahead of the vehicle,d: None of the above""","""c""","""The DMV handbook states, 'Unless you have enough space to return to your lane.' This means you should only pass if there is enough space in the lane ahead of the vehicle.""",24,easy
6,6.3,Merging & Exiting,Where is it safe to pass another vehicle?,"""a: Within an intersection where there are no oncoming vehicles,b: Wherever signs and/or pavement markings permit passing,c: Within a curve where there are no oncoming vehicles""","""b""","""The DMV handbook states, 'You must judge whether you have enough space to pass whenever you approach: An oncoming vehicle or bicyclist., A hill, curve, intersection, or road obstruction.'  The DMV handbook explains, 'To safely pass, the hill or curve should be at least one-third of a mile ahead.'""",24,medium
6,6.3,Merging & Exiting,When it is legal to drive off the road to pass another vehicle?,"""a: If the vehicle ahead is turning left.,b: It is not legal under any conditions.,c: If there are two or more one-way lanes.""","""b""","""According to the DMV Handbook, 'Never drive off the paved or main-traveled part of the road to pass.'""",25,medium
6,6.3,Merging & Exiting,"If you are being passed in a no passing zone, you should:","""a: Pull off the road.,b: Maintain your speed and position.,c: Slow down and let the other driver safely return to the drive lane.""","""b""","""If a vehicle is passing you or signals that they plan on passing, allow the vehicle to pass. Maintain your lane position and your speed.""",25,medium
6,6.4,Parking,"In addition to setting your parking brake, what should you do when parking on a hill?","""a: Make sure the front vehicle wheels are parallel to the road.,b: Make sure your vehicle is left in the 'neutral' position.,c: Make sure your vehicle is in the 'park' position or in gear.""","""c""","""When you park on a hill, your vehicle could roll due to equipment failure.  Remember to set the parking brake and leave the vehicle in park, or in gear for manual transmission.""",26,easy
6,6.4,Parking,"To safely back their vehicle, drivers should NOT","""a: Tap their horn before backing up,b: Check in front and behind their vehicle before they get in,c: Look over their right shoulder as they back up""","""b""","""Before backing up, it is important to check for hazards in front and behind the vehicle. 'Observe traffic and check appropriate blind spots.' (Page 26)""",26,easy
6,6.4,Parking,"When you park on a hill, your vehicle could roll due to an equipment failure. Remember","""a: Leave the vehicle in neutral,b: Set the parking brake,c: Set the parking brake and leave the vehicle in park""","""c""","""The DMV Handbook states: 'Remember to set the parking brake and leave the vehicle in park, or in gear for manual transmission.'""",26,easy
6,6.4,Parking,If you parallel park facing downward on a hill:,"""a: Turn your wheels sharply toward the side of the road.,b: Turn your wheels away from the side of the road.,c: Keep your wheels straight.""","""a""","""To park on a hill headed downhill, turn your front wheels into the curb or right toward the side of the road.""",26,medium
6,6.4,Parking,When parking your vehicle parallel to the curb on a level street:,"""a: Your front wheels must be turned toward the street.,b: Your wheels must be within 18 inches of the curb.,c: One of your rear wheels must touch the curb.""","""b""","""According to the DMV handbook, when parallel parking your vehicle, 'Your vehicle should now be parallel and within 18 inches of the curb.'""",26,easy
6,6.4,Parking,"If you park facing uphill where there is no curb, set the parking brake and:","""a: Turn your wheels toward the edge of the road.,b: Turn your wheels away from the edge of the road.,c: Keep your wheels facing straight.""","""a""","""As quoted in the DMV handbook: 'Headed either uphill or downhill when there is no curb: Turn the wheels so the vehicle will roll away from the center of the road if the brakes fail. Downhill: turn the wheels toward the curb.'""",27,medium
6,6.4,Parking,Which way do you turn your front wheels to park downhill next to a curb?,"""a: Into the curb,b: Away from the curb,c: Parallel to the curb""","""a""","""To park downhill next to a curb, turn your front wheels into the curb. This will prevent your car from rolling into the street if your brakes fail. 'Headed downhill: Turn your front wheels into the curb or right toward the side of the road.'""",27,easy
6,6.4,Parking,Who can legally park next to curb painted blue?,"""a: Someone who is either picking up or dropping off passengers at this location.,b: A person who is disabled and has a special placard or vehicle license plate for disabled persons.,c: A person who will only be parked at the curb for less than 15 minutes.""","""b""","""According to the DMV handbook, 'Blue: Parking for a disabled person or someone driving a disabled person with a special placard or special license plate.'""",28,easy
6,6.4,Parking,Parking is never permitted,"""a: In a crosshatched (diagonal) pattern space,b: In a bicycle lane unless otherwise posted,c: Twenty feet from a railroad track""","""a""","""According to page 28, 'Never park or leave your vehicle... In the crosshatched (diagonal lines) area next to a designated disabled parking space.'""",28,easy
6,6.4,Parking,A curb painted red means:,"""a: Loading zone.,b: The area is reserved for picking up or dropping off passengers.,c: No parking""","""c""","""According to the DMV Handbook, 'Red: No stopping, standing, or parking.'""",28,easy
6,6.4,Parking,"If it is necessary to make an emergency stop while driving on an interstate, you should:","""a: Sound your horn at passing cars to get their attention.,b: Get out of your vehicle and flag down the first vehicle that passes.,c: Pull off the road""","""c""","""According to the DMV handbook on page 28, 'If you must stop on a freeway, park completely off the pavement and stay in your vehicle with the doors locked until help arrives.'""",28,easy
6,6.4,Parking,Placard abuse will result in:,"""a: Placard revocation only.,b: Only a fine.,c: Placard revocation""","""c""","""Placard abuse will result in Placard revocation. This information can be found on Page 28, 'Illegal Parking', under the 'Blue' colored curb description.""",28,easy
7,7.1,Traffic Control,A solid yellow arrow on a traffic signal means:,"""a: You should speed up so you can make the turn before the light changes.,b: You do not need to signal to turn from the indicated lane.,c: You should prepare to stop and yield the right-of-way to oncoming traffic.""","""c""","""A yellow arrow means the protected turning time is ending. The signal will change soon. If you cannot stop safely or you are already in the intersection, cautiously complete your turn. Pay attention to the next signal. It could be a: - Green or red traffic signal light. - Red arrow.""",33,easy
7,7.1,Traffic Control,"Before stopping your vehicle at a traffic signal or sign, you should:","""a: Press down hard on the accelerator.,b: Check your mirrors for surrounding traffic.,c: Set the parking brake.""","""b""","""Before stopping at a traffic signal or sign, it is crucial to be aware of your surroundings to make safe driving decisions. The DMV handbook states that you should check your mirrors for surrounding traffic before entering an intersection.""",33,easy
7,7.1,Traffic Control,"When approaching an intersection that is controlled by a flashing red traffic signal, you must:","""a: Come to a complete stop,b: Reduce your speed and proceed with caution.,c: Come to a complete stop and remain stopped as long as the light is red.""","""a""","""A flashing red traffic signal light means STOP. After stopping, you may go when it is safe.""",33,easy
7,7.1,Traffic Control,When is it safe to enter an intersection on a solid green light?,"""a: when you can go around the traffic already in the intersection,b: when you have enough space to cross the intersection before the light turns red,c: when you cannot completely cross the intersection""","""b""","""The DMV handbook states, 'Only proceed if you have enough space without creating a danger to any oncoming vehicle, bicyclist, or pedestrian. Do not enter the intersection if you cannot get completely across before the traffic signal light turns red.'""",34,medium
7,7.1,Traffic Control,It is against the law to enter an intersection when:,"""a: You can't get all the way across before the light turns red.,b: The light is flashing yellow and you didn't stop first.,c: The light is yellow and you cannot stop safely.""","""a""","""According to the DMV handbook on page 34, 'Do not enter the intersection if you cannot get completely across before the traffic signal light turns red.'""",34,easy
7,7.1,Traffic Control,"When coming to a corner where there is a stop sign, you must first stop","""a: After crossing the crosswalk,b: Out far enough to see cross traffic,c: In back of the crosswalk""","""c""","""According to page 35, 'Make a full stop before entering the crosswalk or at the limit line. If there is no limit line or crosswalk, stop before entering the intersection.'""",35,easy
7,7.1,Traffic Control,Blue traffic signs offer information on:,"""a: Motorist services.,b: Construction and maintenance.,c: Mileage information""","""a""","""According to the DMV handbook on page 36, 'White Rectangular Sign' communicates many important rules you must obey.""",36,medium
7,7.1,Traffic Control,Regulatory signs are,"""a: Suggestions,b: Law,c: Warnings""","""b""","""On page 37, the DMV handbook states that 'Red and White Regulatory Sign Follow the sign's instruction.'""",37,easy
7,7.1,Traffic Control,A diamond-shaped sign means:,"""a: Yield.,b: Stop.,c: Warning.""","""c""","""A diamond-shaped sign warns you of specific road conditions and dangers ahead.""",37,easy
7,7.1,Traffic Control,What should you do when reaching an intersection where a person operating a motorized wheelchair has entered the crosswalk?,"""a: Remain stopped behind the crosswalk line until the motorized wheelchair has safely finished crossing.,b: Remain stopped behind the nearest crosswalk line until the motorized wheelchair is beyond the range of your vehicle.,c: Assume right-of-way if the motorized wheelchair stops in the crosswalk.""","""a""","""The DMV handbook states that 'Pedestrians always have the right-of-way.' This includes people with disabilities using a wheelchair. Therefore, you should remain stopped until the motorized wheelchair has safely finished crossing.""",38,easy
7,7.1,Traffic Control,What happens if two vehicles reach at the same time an intersection with four-way stop signs?,"""a: The driver on the right yields to the driver on the left,b: The driver on the left yields to the driver on the right,c: The first vehicle to reach the intersection must yield""","""b""","""The DMV Handbook states that 'If a vehicle, pedestrian, or bicyclist gets to the intersection at the same time as you, give the right-of-way to the vehicle, pedestrian, or bicyclist on your right.'""",38,easy
7,7.1,Traffic Control,"At an intersection with a yield sign, you:","""a: Must yield the right-of-way to cross traffic that is close enough to cause conflict.,b: Must yield to vehicles only on your right.,c: Should slow down but never stop.""","""a""","""According to the DMV handbook on page 38, 'Slow down and be ready to stop to let any vehicle, bicyclist, or pedestrian pass before you proceed.'""",38,easy
7,7.1,Traffic Control,"If there is no crosswalk and you see a pedestrian crossing your lane, you should:","""a: Make sure the pedestrian can see you before proceeding.,b: Cautiously drive around the pedestrian.,c: Stop and let the pedestrian finish crossing.""","""c""","""Pedestrians always have the right-of-way, even in unmarked crosswalks. 'Before entering an intersection, look left, right, and ahead to check for vehicles, bicyclists, and pedestrians. Be prepared to slow down and stop if necessary. Pedestrians always have the right-of-way.'""",38,easy
7,7.2,Right-of-way Rules: Who goes first?,What should a driver do who is stopped at an intersection and wants to make a left turn?,"""a: Turn immediately if there are no pedestrians.,b: Take the right-of-way turn before oncoming traffic.,c: Give the right-of-way to any approaching vehicle that is close enough to be dangerous.""","""c""","""When turning left, you must check for pedestrians. 'Give the right-of-way to any pedestrian or approaching vehicle that is close enough to be dangerous.'""",39,easy
7,7.2,Right-of-way Rules: Who goes first?,"At an intersection with stop signs at all four (or more) corners, when two cars arrive at the same time you must yield the right-of-way to the driver","""a: On your right,b: On your left,c: Signaling a turn""","""a""","""The DMV handbook states: 'If a vehicle, pedestrian, or bicyclist gets to the intersection at the same time as you, give the right-of-way to the vehicle, pedestrian, or bicyclist on your right.'""",39,easy
7,7.2,Right-of-way Rules: Who goes first?,"You face a green light, but traffic on the other side of the intersection does not allow you to travel all the way through the intersection. What must you do?","""a: Wait for the next green light,b: Wait until traffic ahead clears so you do not block the intersection,c: Enter the intersection and wait until traffic ahead clears""","""b""","""It is against the law to stop or block an intersection where there is not enough space to completely cross before the traffic signal light turns red.  'It is against the law to stop or block an intersection where there is not enough space to completely cross before the traffic signal light turns red.'""",39,easy
7,7.2,Right-of-way Rules: Who goes first?,A driver who approaches an intersection,"""a: Must yield the right-of-way to traffic already in the intersection,b: Has the right-of-way over traffic already in the intersection,c: Must drive straight through the intersection even if another vehicle is already in the intersection""","""a""","""According to the DMV handbook, 'When entering traffic, you must proceed with caution and yield to the traffic already occupying the lanes.' This statement clearly indicates that a driver approaching an intersection must yield to traffic already in the intersection.""",39,easy
7,7.2,Right-of-way Rules: Who goes first?,"Blocking an intersection during ""rush hour"" traffic is not permitted:","""a: Unless you entered the intersection on a green light.,b: Under any circumstances,c: Unless you have the right-of-way or a green light.""","""b""","""It is against the law to stop or block an intersection where there is not enough space to completely cross before the traffic signal light turns red.  This is found on page 39.""",39,medium
7,7.2,Right-of-way Rules: Who goes first?,"When planning to pass another vehicle, you should:","""a: Not count on other drivers to make room for you.,b: Assume the driver will let you pass if you use your turn signal.,c: Assume the driver will maintain a constant speed.""","""a""","""The DMV handbook states that 'Never assume that other drivers will give you the right-of-way.'""",39,easy
7,7.2,Right-of-way Rules: Who goes first?,"Once in the roundabout, drivers travel","""a: In a counter-clockwise direction,b: In a clockwise direction,c: In both directions""","""a""","""In a roundabout, traffic travels in one direction around a central island.  'Travel in a counter-clockwise direction. Do not stop or pass.'""",40,easy
7,7.2,Right-of-way Rules: Who goes first?,"If a motorist sees pedestrians in an upcoming crosswalk, what should the motorist do?","""a: Continue ahead. The motorist has the right-of-way.,b: Wait for the pedestrians to cross the street.,c: Pull to the right and go around the pedestrians.""","""b""","""Pedestrians have the right-of-way in marked or unmarked crosswalks. 'If there is a limit line before the crosswalk, stop at the limit line and allow pedestrians to cross the street.'""",41,easy
7,7.2,Right-of-way Rules: Who goes first?,If you see a pedestrian using a guide dog or carrying a white cane:,"""a: The pedestrian must yield the right-of-way.,b: You must yield the right-of-way.,c: Honk your horn to let them know you are there.""","""b""","""Pedestrians using guide dogs or white canes have the right-of-way at all times.  'Be careful when you are turning or backing up. This is particularly important if you are driving a hybrid or electric vehicle because blind pedestrians rely on sound to know there is a vehicle nearby.'""",41,easy
7,7.2,Right-of-way Rules: Who goes first?,There is no crosswalk and you see a pedestrian crossing your lane ahead. You should:,"""a: Make eye contact with and then pass the pedestrian.,b: Slow down as you pass the pedestrian.,c: Stop and let the pedestrian finish crossing the street.""","""c""","""Pedestrians have the right-of-way in marked or unmarked crosswalks. If there is a limit line before the crosswalk, stop at the limit line and allow pedestrians to cross the street.""",41,easy
7,7.3,Sharing The Road,A safety zone is a specially marked area for passengers to get on or off buses or trolleys. You may not drive through a safety zone:,"""a: Only when a bus or trolley is present.,b: Only when a bus or trolley is unloading passengers.,c: At any time or for any reason.""","""c""","""The DMV handbook states 'Safety zones are spaces set aside for pedestrians waiting for buses, streetcars, and trolleys. Safety zones are marked by raised buttons or markers on a road. Do not drive through a safety zone under any condition.'""",42,easy
7,7.3,Sharing The Road,Large trucks turning onto a street with two lanes in each direction:,"""a: May complete the turn in either of the two lanes.,b: Often have to use the left lane to complete the turn.,c: Must stay in the right lane at all times while turning.""","""b""","The DMV Handbook states on page 42: 'When a vehicle turns, the rear wheels follow a shorter path than the front wheels. The longer the vehicle, the greater the difference in the length of the turning path. This is why large vehicles and truck drivers must often swing wide to complete a turn.'""",42,medium
7,7.3,Sharing The Road,Which of the following statements about blind spots is true?,"""a: They are eliminated if you have one outside mirror on each side of the vehicle.,b: Large trucks have bigger blind spots than most passenger vehicles.,c: Blind spots can be checked by looking in your rearview mirrors.""","""b""","""The DMV handbook states that large vehicles and truck drivers have a better view in front of them and bigger mirrors, but they also have large blind spots, also called No Zones.  'In these areas, your vehicle can disappear from a large vehicle or truck driver's view. If you cannot see the truck's side mirrors, the truck driver cannot see you.'""",42,easy
7,7.3,Sharing The Road,A safety zone is a specially marked area for passengers to get on or off of buses or trolleys. You may not drive through a safety zone:,"""a: When a bus or trolley is present.,b: When a bus or trolley is unloading passengers.,c: At any time for any reason.""","""c""","""The DMV handbook states that 'Safety zones are spaces set aside for pedestrians waiting for buses, streetcars, and trolleys.' It then goes on to say, 'Do not drive through a safety zone under any condition.'""",43,easy
7,7.3,Sharing The Road,"When following a motorcycle, drivers must remember that motorcycles can ____________ than other vehicles.","""a: Accelerate much faster,b: Stop much more quickly,c: Stop much more slowly""","""b""","""According to the DMV handbook on page 44, 'Allow a safe three-second following distance. This space will help you avoid hitting a motorcyclist if they brake suddenly or fall.'""",44,easy
7,7.3,Sharing The Road,You are driving on a city street and see an emergency vehicle with flashing lights behind you. What should you do?,"""a: Drive to the right edge of the road and slow down.,b: Drive to the right edge of the road and stop.,c: Stay in your lane slow down and let it pass.""","""b""","""According to the DMV Handbook, 'Give the right-of-way to any law enforcement vehicle, fire engine, ambulance, or other emergency vehicle using a siren and red lights. Failure to pull over may result in a ticket. Drive to the right edge of the road and stop until the emergency vehicle(s) have passed.'""",44,easy
7,7.3,Sharing The Road,"Motorcycles, scooters, and mopeds are not easy to see; therefore, you should:","""a: Slow down when driving.,b: Make constant visual checks.,c: Share a lane with a motorcycle.""","""b""","""The DMV handbook states, 'Motorcycles are smaller in size and harder to see so they easily disappear in vehicle blind spots.'""",44,easy
7,7.3,Sharing The Road,You are crossing an intersection and an emergency vehicle is approaching while using its siren and flashing lights. You should:,"""a: Stop immediately in the intersection until it passes.,b: Pull to the right of the intersection and stop.,c: Continue through the intersection""","""b""","""According to the DMV Handbook, 'Give the right-of-way to any law enforcement vehicle, fire engine, ambulance, or other emergency vehicle using a siren and red lights. Drive to the right edge of the road and stop until the emergency vehicle(s) have passed.'""",44,easy
7,7.3,Sharing The Road,Large trucks are likely to lose speed when:,"""a: Driving up long or steep hills.,b: Driving in long,c: Driving down long""","""a""","""Large trucks, bicycles, and some cars lose speed on long or steep hills. 'Large trucks, bicycles, and some cars lose speed on long or steep hills.'""",45,easy
7,7.3,Sharing The Road,If you are driving and you see animals standing near the roadway:,"""a: Speed up to scare them away.,b: Slow down and proceed with caution.,c: Quickly swerve into the next lane.""","""b""","""If you see a sign with a picture of an animal, watch for animals on or near the road. If you see animals or livestock near the road, slow down or stop and proceed when it is safe.""",46,easy
7,7.3,Sharing The Road,You want to pass a bicyclist riding on the right edge of your lane. You,"""a: must honk your horn before passing the bicyclist,b: must not squeeze past the bicyclist,c: may not pass the bicyclist for any reason""","""b""","""The DMV handbook states, 'When you cannot change lanes to pass a bicyclist, allow at least three feet between your vehicle and the bicyclist. If you cannot give three feet of space, do not pass the cyclist until three feet of clearance can be given.'""",47,medium
7,7.3,Sharing The Road,Which sign on a truck means that the truck's load is potentially dangerous?,"""a: Octagonal.,b: Diamond shaped.,c: Rectangular wide.,d: None of the above""","""b""","""A diamond-shaped sign on a truck means that the truck's load may be dangerous (gas, explosives etc.).""",49,medium
7,7.3,Sharing The Road,Fines in a construction zone are:,"""a: Doubled.,b: Tripled.,c: Cut in half.""","""a""","""The DMV handbook states on page 49, 'Fines are also doubled in highway construction or maintenance zones when workers are present.'""",49,easy
7,7.3,Sharing The Road,"If you are continually being passed on the right and the left while driving in the center lane of an expressway, you should:","""a: Stay in the center lane.,b: Move to the lane on your right.,c: Move to the lane on your left.""","""b""","""According to the DMV handbook, on a multilane road, the passing lane is on the far left, and the right lane is used to enter or exit traffic.  The DMV handbook states that if you are driving slower than the flow of traffic, you should drive in the right lane. 'If you choose to drive slower than other traffic, drive in the right lane.' (Page 49)""",49,medium
7,7.3,Sharing The Road,"When driving in work zones, you should:","""a: Follow the driver in front of you closely.,b: Pass the driver in front of you as soon as you can.,c: Avoid tailgating and keep a safe following distance.""","""c""","""The DMV handbook states on page 49, 'Go through the work zone carefully by: ... Allowing extra space between vehicles.'""",49,easy
7,7.3,Sharing The Road,Which of the following is true about vehicles displaying a diamond-shaped sign that indicates a hazardous load?,"""a: They are not allowed to drive on freeways.,b: They must stop before crossing railroad tracks.,c: They are not allowed to exceed 35 mph.""","""b""","""According to the DMV handbook on page 49, 'Vehicles with these signs **must** stop before crossing railroad tracks.'""",49,medium
7,7.3,Sharing The Road,"Work zone barriers, drums, cones, and signs are used to:","""a: Make drivers angry about slow traffic.,b: Inconvenience drivers.,c: Keep traffic out of hazardous work zones.""","""c""","""Cones, drums, and barriers are used to keep traffic out of a hazardous work zone. 'Go through the work zone carefully by: Slowing down.' 'Cones, drums, or other barriers will guide you through the work zone.' """,49,easy
7,7.3,Sharing The Road,What should you do when there is a school bus ahead that starts flashing yellow warning lights?,"""a: Slow down and prepare to stop.,b: Stop immediately and remain stopped.,c: Cautiously pass the school bus on the left.""","""a""","""When a school bus flashes yellow lights, you must slow down and prepare to stop. 'Some school buses flash yellow lights when preparing to stop to let children off the bus. The yellow flashing lights warn you to slow down and prepare to stop.'""",50,easy
7,7.3,Sharing The Road,You are passing a school and see children near the street. You may not drive faster than,"""a: 35 m.p.h.,b: 20 m.p.h.,c: 25 m.p.h.""","""c""","""The DMV handbook states 'The speed limit is 25 mph within 500 feet of a school while children are outside or crossing the street.'""",50,easy
7,7.3,Sharing The Road,"If you pass a school bus that is stopped with its red lights flashing, you will:","""a: Be fined up to $1000,b: Be fined up to $100.,c: Face no legal consequences.""","""a""","""According to the DMV handbook, on page 50, 'If you fail to stop, you may be fined up to $1,000 and your driving privilege could be suspended for one year.'""",50,easy
7,7.3,Sharing The Road,"When a school bus is stopped ahead on your side of the road with its red lights flashing, you must:","""a: Slow to a speed no faster than 10 mph.,b: Stop until the lights stop flashing.,c: Change lanes and pass cautiously.""","""b""","""When the bus flashes red lights (located at the top, front, and back of the bus), you must stop from either direction until the children are safely across the street and the lights stop flashing. Remain stopped while the red lights are flashing.""",50,easy
7,7.3,Sharing The Road,Which of the following statements is true?,"""a: Driving too slowly is not an unsafe practice.,b: Driving too slowly on certain highways can be dangerous.,c: The speed at which you drive a vehicle does not affect safety.""","""b""","""The DMV handbook states that 'You must drive slower when there is heavy traffic or bad weather. At the same time, you should not block normal and reasonable traffic flow by driving too slowly. If you drive faster or slower than the speed limit, you may be cited.'""",50,easy
7,7.3,Sharing The Road,"You must stop at the intersection ahead. Just before the intersection, you have to cross railroad tracks. You should stop before you cross the railroad tracks when","""a: You don’t have room to completely cross the tracks,b: The crossing is located in a city or town with frequent train traffic,c: You transport two or more children in a passenger vehicle""","""a""","""According to the DMV handbook, 'Never stop on the railroad tracks. Wait and do not begin proceeding if you do not have enough room to completely cross the tracks. If you are on the tracks, you risk injury or death.'""",51,easy
7,7.3,Sharing The Road,The speed limit in any alley is,"""a: 25 MPH,b: 20 MPH,c: 15 MPH""","""c""","""The DMV handbook states on page 51: 'The speed limit in an alley is 15 mph.'""",51,easy
7,7.3,Sharing The Road,"At a railroad crossing, you must:","""a: Watch for vehicles that must stop at all railroad crossings (school buses),b: Watch for multiple trains.,c: Both of the above.""","""c""","""The DMV handbook states that you must 'Expect a train on any track, at any time, traveling in either direction.' and  'Watch for vehicles that must stop before they cross train tracks. These vehicles include buses, school buses, and vehicles marked with a hazardous materials placard.'""",51,easy
7,7.3,Sharing The Road,"When crossing a sidewalk to enter traffic from an alley or driveway, drivers should:","""a: Stop only if pedestrians are on the sidewalk.,b: Stop before driving onto the sidewalk or sidewalk area.,c: Expect pedestrians on the sidewalk to yield the right-of-way.""","""b""","""The DMV handbook states, 'You may drive on or cross a sidewalk to enter or exit a driveway or alley.'  This means drivers should stop before driving onto the sidewalk or sidewalk area.""",51,easy
7,7.3,Sharing The Road,"You have stopped for a train at a railroad crossing. After the train passes, you should:","""a: Wait for signal lights to stop flashing.,b: Look for a second train.,c: Both of the above.""","""c""","""The DMV Handbook states on page 51 that, 'When the crossing devices or a person warns you a train is coming, stop at least 15 feet from the nearest track.' The DMV handbook also states that, 'Do not proceed over the railroad tracks until the red lights stop flashing, even if the gate rises.'""",51,easy
7,7.3,Sharing The Road,Which of these vehicles must always stop before crossing railroad tracks?,"""a: Tank trucks with hazardous materials placards.,b: Motor homes or pickup trucks towing a boat trailer.,c: Sport utility vehicles carrying four or more persons.""","""a""","""According to page 50, 'Vehicles with these signs must stop before crossing railroad tracks.'""",50,easy
7,7.4,Other Important Roadway Information,A passenger vehicle may NOT tow,"""a: One trailer,b: Another passenger vehicle,c: Two trailers""","""c""","""The DMV Handbook states on page 52, 'You must drive in the far-right lane or a lane marked for slower vehicles when you: … Tow a vehicle or trailer.' It also states, 'You cannot carry anything in or on a passenger vehicle which extends beyond the fenders on the left side or more than 6-inches beyond the fenders on the right side.'""",52,easy
7,7.4,Other Important Roadway Information,Abandoning an animal on the highway may result in:,"""a: Jail time.,b: A point against your license.,c: No legal consequences.""","""a""","""The DMV handbook states, 'You must not dump or abandon animals on a highway. This crime is punishable by a fine of up to $1,000, six months in jail, or both.'""",52,easy
7,7.4,Other Important Roadway Information,Smoking inside a vehicle with a person younger than 18 years of age is:,"""a: Legal,b: Illegal at all times.,c: Not restricted by law.""","""b""","""The DMV handbook states, 'You must: Not smoke when a minor is in the vehicle. You can be fined.' This information is found on page 52.""",52,easy
7,7.4,Other Important Roadway Information,"Any driver who willfully flees or attempts to evade law enforcement, during which a person is seriously injured, is subject to:","""a: Imprisonment in a state prison for up to seven years.,b: A fine of less than $1000.,c: Attending an anger-management class.""","""a""","""The DMV handbook states, 'A person convicted of causing serious bodily injury during a law enforcement pursuit is subject to imprisonment in a state prison for up to seven years, or a county jail for one year or less.'""",53,easy
7,7.4,Other Important Roadway Information,If you are repeatedly convicted for traffic violations,"""a: DMV may impound your vehicle,b: Your driving privilege may be suspended by DMV,c: Both of the above""","""c""","""The DMV book states, ’DMV monitors your driver's record. As an adult or minor, if you get a traffic ticket and fail to appear (FTA) in court, DMV may suspend your driving privilege...As an adult, your license may be suspended if your driver's record shows one of the following point totals: 4 points in 12 months., 6 points in 24 months., 8 points in 36 months.'""",53,easy
7,7.4,Other Important Roadway Information,A person convicted of reckless driving or engaging in a speed contest that causes injury to another person is subject to,"""a: imprisonment and a fine,b: community service,c: all the above""","""a""","""The DMV handbook states, 'A person convicted of reckless driving or engaging in a speed contest that causes injury to another person is subject to imprisonment, a fine, or both.'""",53,easy
7,7.4,Other Important Roadway Information,A peace officer is signaling for you to drive to the edge of the roadway. You decide to ignore the officer's warning and flee the scene. You are guilty of a misdemeanor and can be punished by being:,"""a: Fined up to $1000,b: Jailed in the county jail for not more than one year.,c: Given a warning and a citation.""","""b""","""The DMV handbook, on page 53, states: 'It is a misdemeanor to use a motor vehicle to flee or attempt to evade law enforcement performing their duties. This is punishable by imprisonment in a county jail for one year or less.'""",53,medium
8,8.1,Be Aware Of Your Surroundings,Which of the following is an example of a safe driving practice?,"""a: Staring only at the middle of the road.,b: Always keep your eyes moving to scan the surroundings.,c: Using your high-beam headlights in the fog""","""b""","""The DMV Handbook states to 'always keep your eyes moving and scan the road at least 10 seconds ahead of your vehicle' on page 57.""",57,easy
8,8.1,Be Aware Of Your Surroundings,"If you become angry or upset, you should","""a: Go for a drive to forget your problems,b: 'Cool off' before driving,c: Control your emotions while driving""","""b""","""The DMV Handbook emphasizes the importance of controlling your emotions while driving, stating: 'If you become angry or upset, you should 'cool off' before driving.'""",57,easy
8,8.1,Be Aware Of Your Surroundings,"On a freeway, drivers should look farther ahead than they normally would on a city street","""a: Because it takes 500 feet to stop a vehicle on a freeway,b: In order to spot potential hazards and dangers ahead,c: Because there are multiple lanes""","""b""","""The DMV handbook states that 'To give yourself time to react, avoid last minute moves and hazards, always keep your eyes moving and scan the road at least 10 seconds ahead of your vehicle.'""",57,easy
8,8.1,Be Aware Of Your Surroundings,Tailgating,"""a: Is a defensive driving technique,b: Cannot result in a traffic citation,c: Can frustrate other drivers and make them angry""","""c""","""Tailgating is following too closely, which can 'frustrate other drivers and make them angry.'  The DMV handbook states that it is important to leave a safe following distance. """,57,easy
8,8.1,Be Aware Of Your Surroundings,Interstate driving requires drivers to:,"""a: Have the ability to safely drive at increased speeds.,b: Be constantly alert.,c: Both of the above.""","""c""","""Interstate driving requires drivers to 'Be aware of your surroundings' and  'Manage your speed' which are both required to drive safely at increased speeds. The DMV handbook provides the following in the section 'Be Aware Of Your Surroundings' on Page 57:  'To drive safely, you need to know what is around you. This helps you make good decisions and react to hazards on the road.'""",57,easy
8,8.1,Be Aware Of Your Surroundings,"While driving, you should look 10 to 15 seconds ahead of you:","""a: And focus on the middle of the road.,b: Because it is a legal requirement.,c: To see potential hazards early.""","""c""","""To give yourself time to react, avoid last minute moves and hazards, always keep your eyes moving and scan the road at least 10 seconds ahead of your vehicle.""",57,easy
8,8.1,Be Aware Of Your Surroundings,Blind spots are:,"""a: Spots in your vision when you become fatigued.,b: Areas of the road that cannot be seen in a vehicle's mirrors.,c: Traffic control devices.""","""b""","""Blind spots are 'areas around the vehicle that a driver cannot see when looking straight ahead or using the mirrors.' (Page 58)""",58,easy
8,8.1,Be Aware Of Your Surroundings,Make room for cars that are entering the freeway by:,"""a: Slowing down.,b: Merging into a different lane.,c: Maintaining your speed and position.""","""a""","""According to page 22, 'Make space for vehicles entering freeways, even if you have the right-of-way.'""",58,easy
8,8.1,Be Aware Of Your Surroundings,"To see vehicles in your blind spots, you should check:","""a: The inside rearview mirror.,b: The outside rearview mirror.,c: Over your shoulders.""","""c""","""To check your blind spots, look over your right and left shoulders out of your side windows. Only turn your head when you look. Do not turn your whole body or steering wheel.""",58,easy
8,8.1,Be Aware Of Your Surroundings,"When driving at night, you should:","""a: Always use your high beams.,b: Look directly at the headlights of an oncoming vehicle.,c: Increase your following distance.""","""c""","""When driving at night, you should increase your following distance. This gives you more time to react if the driver in front of you brakes suddenly.""",58,easy
8,8.1,Be Aware Of Your Surroundings,"When passing a row of parked vehicles, you should:","""a: Be prepared for a person or vehicle to unexpectedly enter your lane.,b: Expect all other drivers and pedestrians to respect your right-of-way.,c: Drive closely to the parked vehicles to allow more room for moving traffic.""","""a""","""'Keep space between your vehicle and parked vehicles.'  It is important to be prepared for a person or vehicle to unexpectedly enter your lane when passing parked vehicles, as they may be hidden from view and may not be aware of your presence. """,58,easy
8,8.1,Be Aware Of Your Surroundings,You are on the freeway and traffic is merging into your lane. You should:,"""a: Make room for the merging traffic,b: Assert your right-of-way by driving faster.,c: Always maintain your position.""","""a""","""Highway traffic has the right-of-way. 'Make space for vehicles entering freeways, even if you have the right-of-way. Be ready for rapid changes and watch for signals from other drivers.'""",58,easy
8,8.2,Understand The Road Conditions,"When driving at night with no other vehicles ahead, a driver should use","""a: High beam lights,b: Low-beam lights,c: Parking lights""","""a""","""When driving at night with no other vehicles ahead, a driver should use high-beam headlights. 'When driving at night, use your high-beam headlights on open country roads or dark city streets.'""",59,easy
8,8.2,Understand The Road Conditions,"When driving at night on a dimly lit street, you should:","""a: Drive slowly enough that you can stop within the area illuminated by your headlights.,b: Turn on your high beam headlights to better see the vehicles ahead of you.,c: Keep the instrument panel lights bright to be more visible to other drivers.""","""a""","""The DMV Handbook states that 'Make sure you can stop in the distance lit by your headlights.' on page 59, when discussing driving at night.  This means driving slowly enough to be able to stop within the area illuminated by your headlights.""",59,medium
8,8.2,Understand The Road Conditions,"If your vehicle begins to skid, you should:","""a: Ease up on the gas pedal.,b: Brake as hard as possible.,c: Turn off the ignition.""","""a""","""The DMV handbook states that if your vehicle begins to skid, you should slowly remove your foot from the accelerator.  'If you start to skid, follow these steps: 1. Slowly remove your foot from the accelerator. 2. Do not use the brakes.'""",60,easy
8,8.2,Understand The Road Conditions,You exit the freeway on a ramp that curves downhill. You should:,"""a: Slow to a safe speed before the curve.,b: Slow to the posted speed limit for the freeway.,c: Wait until you have entered the curve to begin braking.""","""a""","""You should always slow down before entering a curve, especially one that is downhill. 'Slow down as you approach intersections and curves. For sharp curves, slow down as you approach and move through.'""",60,easy
8,8.2,Understand The Road Conditions,Streets and highways are most slippery:,"""a: When it has been raining hard for several hours.,b: When they are clean and dry.,c: Just after it starts to rain.""","""c""","""The DMV Handbook states 'When it starts to rain, the pavement can be very slippery.' This is because oil and dust on the road surface have not been washed away. """,61,easy
8,8.2,Understand The Road Conditions,Water on the road can cause a vehicle to hydroplane. Your car may hydroplane at speeds as low as:,"""a: 45 miles per hour.,b: 35 miles per hour.,c: 40 miles per hour.""","""b""","""Hydroplaning occurs when driving in wet or rainy conditions.  Hydroplaning is when a vehicle rides on water because the tires lose all contact with the road. A slight change of direction, applying the brakes, or a gust of wind could throw the vehicle into a skid.  To avoid hydroplaning: Drive slowly. Steer around standing water, if possible. Slow down if you hear sloshing sounds from the tires. Slow down when changing lanes or direction.""",61,medium
8,8.2,Understand The Road Conditions,Which of the following is most likely to be slippery in cold weather after snow or rain?,"""a: A hilly,b: A residential road,c: A road in a shaded area""","""c""","""According to page 61, 'Shade from trees or buildings can hide icy spots on cold, wet days. These areas freeze first and dry out last.'""",61,medium
8,8.2,Understand The Road Conditions,Which of the following roadways freeze first when wet?,"""a: Bridges and overpasses,b: Intersections,c: Tunnels""","""a""","""Bridges and overpasses tend to freeze before the rest of the road because they can have icy spots.""",61,easy
8,8.2,Understand The Road Conditions,"If you find that the roadway ahead of you is flooded, you should:","""a: Slam on the brakes.,b: Not drive through the flooded area. Turn around and find another route.,c: Drive only in the center of the roadway.""","""b""","""The DMV handbook states that it may not be possible to determine the depth of a flooded road by looking.  It also states that if the water is deep, the road may be too dangerous to cross. 'It may not be possible to determine the depth of the flood by looking. If the water is deep, the road may be too dangerous to cross. It is best to find another route.'""",62,easy
8,8.2,Understand The Road Conditions,"When driving at night, you should:","""a: Always use your high beams.,b: Look directly at the headlights of an oncoming vehicle.,c: Increase your following distance.""","""c""","""When driving at night, you should increase your following distance to give yourself more time to react to hazards.  The DMV handbook states, 'Increase your following distance.'""",63,easy
8,8.2,Understand The Road Conditions,"When driving in fog, you should use your:","""a: Fog lights only.,b: High beams.,c: Low beams.""","""c""","""The DMV handbook states, 'If you must drive in heavy fog or smoke:  - Drive slowly.  - Use your low-beam headlights. High-beam headlights will reflect back and cause glare.  - Never drive using only your parking or fog lights.' """,63,easy
8,8.2,Understand The Road Conditions,Which of the following is true about safety belts?,"""a: They can reduce injuries and deaths,b: They can trap you inside a vehicle,c: They are not necessary when driving around town""","""a""","""The DMV handbook states on page 64 that 'Wearing the lap belt and shoulder harness of a seat belt will increase your chance of survival in most types of collisions.'""",64,easy
8,8.2,Understand The Road Conditions,"If bad weather makes it difficult for you to see clearly, you should:","""a: Speed up to get off the road quickly.,b: Drive in the lane closest to oncoming traffic.,c: Increase your following distance.""","""c""","""When you drive in fog or smoke, you should 'increase your following distance'  because you may not be able to see as far ahead. This gives you more time to react if you encounter a hazard.""",64,easy
8,8.3,Protect Yourself And Your Passengers,Who must wear seat belts?,"""a: The driver and all passengers under the age of 21,b: The driver and all passengers 8 years of age or older or children who are 4 feet 9 inches tall or taller,c: The driver and front seat passengers""","""b""","""The DMV handbook states that 'You must secure children with a federally-approved child passenger restraint system or safety belt. The requirements depend on the child's height and age.'  It goes on to say that 'Children who are 8 years old or older, or at least 4 feet 9 inches tall: May use a properly secured safety belt that meets federal standards.'""",66,easy
8,8.3,Protect Yourself And Your Passengers,"In a vehicle equipped with airbags, the safest place for children age 12 and under to ride is in:","""a: The front seat.,b: The back seat.,c: The bed of a pick-up truck.""","""b""","""According to the DMV handbook, 'Children who are under 8 years old, or who are less than 4 feet 9 inches tall: Secure in a child passenger restraint system in a rear seat.'""",66,easy
8,8.3,Protect Yourself And Your Passengers,It is illegal to leave a child age six or younger unattended in a vehicle on a hot day:,"""a: Even if they are secured in a child passenger restraint system.,b: If they are supervised by a person twelve years of age or older.,c: Only if the key is in the ignition.""","""a""","""The DMV handbook states 'It is illegal to leave a child who is six years old or younger unattended in a vehicle...' and 'A child may be left under the supervision of a person who is at least 12 years old.'""",67,easy
8,8.4,Manage Your Speed,"What is the maximum speed limit on two-lane undivided highways, unless otherwise posted?","""a: 45 MPH,b: 65 MPH,c: 55 MPH""","""c""","""The DMV handbook states that the ideal maximum speed limit on most California highways is 65 mph. It is 55 mph on a two-lane undivided highway and for vehicles towing trailers.""",67,easy
8,8.4,Manage Your Speed,"If you drive at the posted speed limit, you can be given a speeding ticket","""a: Under no circumstances,b: If you are carrying more than one passenger,c: If road or weather conditions require a slower speed""","""c""","""'In California, you may never drive faster than is safe for the current road conditions. This is known as the Basic Speed Law. Make sure you manage your speed and slow down when conditions call for it.'""",67,easy
8,8.4,Manage Your Speed,Which of the following blocks the smooth flow of traffic?,"""a: Slowing down to look at collision scene.,b: Avoiding unnecessary lane changes.,c: Using public transportation instead of your vehicle.""","""a""","""The DMV Handbook states that 'Small changes in your driving habits can help reduce congestion. Avoid weaving in and out of freeway lanes.'  This means that slowing down to look at a collision scene can be disruptive to traffic flow.""",67,medium
8,8.4,Manage Your Speed,You are driving on a freeway with a posted speed limit of 65 mph. Traffic is traveling at 70 mph. You may legally drive:,"""a: 70 mph or faster to keep up with the speed of traffic.,b: Between 65 mph and 70 mph.,c: No faster than 65 mph.""","""c""","""In California, you may never drive faster than is safe for the current road conditions. This is known as the Basic Speed Law. Make sure you manage your speed and slow down when conditions call for it. Regardless of the posted speed limit, your speed should depend on: The number of vehicles on the road. The speed of other vehicles on the road. The road surface: smooth, rough, graveled, wet, dry, wide, or narrow. Bicyclists or pedestrians on or crossing the road. Weather: rain, fog, snow, wind, or dust. Traffic congestion: small changes in your driving habits can help reduce congestion. Avoid weaving in and out of freeway lanes.""",67,easy
8,8.4,Manage Your Speed,"If you want to pass a pedestrian who is walking along the roadway and an oncoming vehicle is approaching, you should:","""a: Slow down and let the oncoming vehicle pass before you pass the pedestrian.,b: Keep driving at a steady speed. The oncoming vehicle must stop for you.,c: Honk your horn to get the pedestrian to move over.""","""a""","""The DMV handbook states that if you are on a two-lane road with an oncoming vehicle and a pedestrian, you should 'take one danger at a time'.  This means you should slow down and allow the oncoming vehicle to pass before attempting to pass the pedestrian.""",68,medium
8,8.4,Manage Your Speed,If your accelerator becomes stuck you should,"""a: Turn off the ignition while the vehicle is moving,b: Not apply the brakes. Ease off the gas pedal and straighten the front wheels,c: Shift to neutral apply the brakes and try to drive the car safely off the road""","""c""","""If your accelerator becomes stuck, you should 'Shift to neutral, apply the brakes, and try to drive the car safely off the road.'""",68,easy
8,8.4,Manage Your Speed,"If your wheels drop off the roadway or pavement edge, you should:","""a: Wait until it is safe to do so,b: Turn back onto the roadway immediately.,c: Stop.""","""b""","""If your wheels drift off the pavement, you should: 1. Grip the steering wheel firmly. 2. Remove your foot from the accelerator. 3. Brake gently. 4. Check for traffic behind you. 5. Carefully steer back onto the pavement. Do not pull or turn your steering wheel with too much force. This may cause you to drive into oncoming traffic.""",68,easy
8,8.4,Manage Your Speed,"If your car becomes disabled while on the highway, you should:","""a: Stop in the right lane.,b: Park with all four wheels off the traveled highway,c: Stop where you are.""","""b""","""According to the DMV handbook, 'If your vehicle stops working on the freeway: 1. Safely pull over to the right shoulder. 2. Exit on the right side so you are away from traffic if you must get out of the vehicle.'""",69,easy
8,8.5,Do Not Drive Distracted,Distracted driving is:,"""a: Anything that causes evasive action while driving.,b: Anything that takes your attention away from driving.,c: Anything that causes you to pay more attention to driving.""","""b""","""Distracted driving is defined as anything that takes your attention away from driving. 'Avoid distractions while you drive.' (DMV handbook, page 70)""",70,easy
9,9,,What is a likely effect when you take another drug while you drink alcohol?,"""a: There are no effects unless the drug is prescription only,b: If the drug is over-the-counter there are no effects,c: The effects of the alcohol and the drug are enhanced""","""c""","""The DMV handbook states on page 72, 'It is illegal to drive after… Using any combination of alcohol or drugs that decreases your ability to drive safely.'""",72,easy
9,9,,Driving under the influence of any medication which impairs your driving is permitted:,"""a: Under no circumstances.,b: If you don't feel drowsy.,c: If it is prescribed by a physician.""","""a""","""It is illegal to drive under the influence of any drug that affects your ability to drive safely.  'The law does not see a difference between illegal drugs and medications you get from a doctor or pharmacy. They can all affect your ability to drive safely and react to what you see and hear.' (Page 72)""",72,easy
9,9,,Which of these statements is true about drugs and driving?,"""a: Any prescription drug is safe to use if you don't feel drowsy.,b: Even over-the-counter drugs can impair your driving.,c: Only illegal drugs can impair your driving.""","""b""","""The DMV Handbook states that 'The law does not see a difference between illegal drugs and medications you get from a doctor or pharmacy. They can all affect your ability to drive safely and react to what you see and hear.'""",72,easy
9,9,,If you are arrested for drunk driving and refuse to submit to a chemical test of the alcohol content of your blood,"""a: Your driving privilege will be withdrawn,b: You will receive an additional fine,c: You will not be allowed to post bail""","""a""","""According to the DMV handbook, if you refuse to take a blood or urine test after being suspected of driving under the influence, 'DMV will suspend or revoke your driving privilege for one year.'""",73,medium
9,9,,BAC is,"""a: The acronym for Beer Accumulation,b: The number of ounces of alcohol in your blood,c: The percentage of alcohol in your blood""","""c""","""The DMV handbook defines BAC as 'Your BAC is the amount of alcohol in your blood.'""",73,easy
9,9,,How many alcoholic drinks does it take to affect your driving ability?,"""a: Three,b: Two,c: One""","""c""","""According to the DMV Handbook on page 73, 'Remember even one drink can affect your ability to drive safely.'""",73,easy
9,9,,It is illegal for a person 21 years of age or older to drive with a blood alcohol concentration (BAC) that is ____ or higher.,"""a: 0.08% -- Eight-hundredths of one percent,b: 0.10% -- One-tenth of one percent,c: 0.05% -- Five-hundredths of one percent""","""a""","""The correct answer is 0.08%.  This information can be found on page 73 of the DMV handbook. The DMV handbook states, 'It is illegal for you to drive if you have a BAC of: 0.08% or higher if you are over 21 years old.'""",73,easy
9,9,,Which of these statements is true about drinking alcohol and driving?,"""a: If you can walk in a straight line after drinking,b: If you are under the legal blood alcohol concentration limit,c: Alcohol affects judgement""","""c""","""The DMV handbook states that 'Almost everyone feels negative effects of alcohol, even at levels lower than the legal limit.' This means that even if you're under the legal BAC limit, alcohol can still affect your judgment and make you an unsafe driver.""",73,easy
9,9,,"If a police officer asks you to take an alcohol test, you may choose:","""a: A blood breath or urine test,b: A field sobriety test,c: To say the alphabet backwards""","""a""","""On page 74, the DMV Handbook states: 'When you drive in California, you consent to a breath, blood, or urine test if a law enforcement officer suspects you of DUI.'""",74,easy
9,9,,"If you are convicted of driving with an excessive blood alcohol concentration (BAC), you may be sentenced to serve:","""a: Up to six months in jail.,b: Up to 12 months in jail.,c: No jail time""","""a""","""The DMV handbook states on page 74 that you may be sentenced to up to six months in jail if convicted of a DUI. 'If you are convicted of a DUI, DMV will suspend or revoke your driving privilege for one year.'""",74,easy
10,10,,You must make a financial responsibility report after an accident when damage to one of the vehicles is over $750,"""a: Only if you are not insured,b: Only if it was your fault,c: No matter who was at fault""","""c""","""The DMV handbook states on page 77 that you must report the accident to DMV within 10 days if 'The collision caused more than $1,000 in damage to property.'""",77,medium
10,10,,"If you are the first person to stop to give assistance at a collision scene, you should drive to the side of the road","""a: After you have passed the collision scene,b: Before you reach the collision scene,c: Next to the collision scene""","""c""","""The DMV handbook states on page 77: 'If you are in a collision, you must stop. Someone could be injured and need your help.'""",77,easy
10,10,,"If you are involved in a traffic accident in California, you must file a report of the accident with the DMV when:","""a: The collision causes $1000,b: You plan on being out of the state for more than 30 days.,c: You refinance the remaining balance of your vehicle loan.""","""a""","""According to page 77 of the California Driver's Handbook, 'You must report it to DMV within 10 days if:  - The collision caused more than $1,000 in damage to property.'""",77,easy
10,10,,Slowing down just to look at collisions or anything else out-of-the-ordinary:,"""a: Causes traffic congestion.,b: Prevents rear-end collisions.,c: Improves traffic flow by preventing collisions.""","""a""","""The DMV handbook states that 'If you see a vehicle's emergency flashers ahead, slow down. There may be a collision or other road emergency. Pass carefully.'""",77,medium
10,10,,You have been involved in a minor traffic collision with a parked vehicle and you can't find the owner. You must:,"""a: Leave a note on the vehicle.,b: Report the collision without delay to the city police or,c: Both of the above.""","""c""","""The DMV handbook states, 'Try to find the owner if your vehicle hits or rolls into a parked car or other property. If you cannot find the owner, leave a note with your name, phone number, and address. Securely attach the note to the vehicle or property. Report the collision to law enforcement.'""",77,easy
10,10,,You hit a parked vehicle and can't find the owner. What must you do?,"""a: Call your insurance company when you get home.,b: Wait for the owner to return.,c: Leave a note with your name and address on the parked vehicle.""","""c""","""If you cannot find the owner, leave a note with your name, phone number, and address. Securely attach the note to the vehicle or property. Report the collision to law enforcement.""",77,medium
11,11,,You must notify the DMV within 5 days if you:,"""a: Fail a smog test for your vehicle,b: Sell or transfer your vehicle,c: Get a new prescription for lenses or contacts,d: None of the above""","""b""","""The DMV handbook states on page 79, 'When you sell a vehicle, you must notify DMV within five days by completing a Notice of Transfer and Release of Liability at dmv.ca.gov/nrl.'""",79,easy